Year,Month,Facility,Total,Sentence,Detainees,Combatants,Legal Proceedings,Admin
2023,Sept.          ,IPS   ,4764,2222,115,0,1117,1310
2023,Sept.          ,IDF   ,0,0,0,0,0,0
2023,August         ,IPS   ,4641,2179,123,0,1095,1244
2023,August         ,IDF   ,0,0,0,0,0,0
2023,July           ,IPS   ,4563,2167,78,0,1128,1190
2023,July           ,IDF   ,0,0,0,0,0,0
2023,June           ,IPS   ,4499,2139,85,0,1158,1117
2023,June           ,IDF   ,412,0,347,0,0,65
2023,May            ,IPS   ,4445,2153,84,0,1144,1064
2023,May            ,IDF   ,375,0,330,0,0,45
2023,April          ,IPS   ,4391,2162,115,0,1117,997
2023,April          ,IDF   ,222,0,205,0,0,17
2023,March          ,IPS   ,4407,2252,106,0,1047,1002
2023,March          ,IDF   ,392,0,338,0,0,54
2023,Feb.           ,IPS   ,4355,2244,98,0,1068,945
2023,Feb.           ,IDF   ,370,0,321,0,0,49
2023,Jan.           ,IPS   ,4336,2237,127,0,1066,906
2023,Jan.           ,IDF   ,416,0,366,0,0,50
2023,Sept.          ,IPS   ,932,534,398,0,0,0
2023,Sept.          ,IDF   ,0,0,0,0,0,0
2023,August         ,IPS   ,930,524,406,0,0,0
2023,August         ,IDF   ,0,0,0,0,0,0
2023,July           ,IPS   ,877,563,314,0,0,0
2023,July           ,IDF   ,0,0,0,0,0,0
2023,June           ,IPS   ,850,483,367,0,0,0
2023,June           ,IDF   ,249,0,249,0,0,0
2023,May            ,IPS   ,867,498,369,0,0,0
2023,May            ,IDF   ,192,0,192,0,0,0
2023,April          ,IPS   ,832,422,410,0,0,0
2023,April          ,IDF   ,90,0,90,0,0,0
2023,March          ,IPS   ,839,433,406,0,0,0
2023,March          ,IDF   ,221,0,221,0,0,0
2023,Feb.           ,IPS   ,860,413,447,0,0,0
2023,Feb.           ,IDF   ,204,0,204,0,0,0
2023,Jan.           ,IPS   ,794,373,421,0,0,0
2023,Jan.           ,IDF   ,242,0,242,0,0,0
2022,Dec.           ,IPS   ,0,0,0,0,0,0
2022,Dec.           ,IDF   ,0,0,0,0,0,0
2022,Nov.           ,IPS   ,0,0,0,0,0,0
2022,Nov.           ,IDF   ,0,0,0,0,0,0
2022,Oct.           ,IPS   ,0,0,0,0,0,0
2022,Oct.           ,IDF   ,0,0,0,0,0,0
2022,Sept.          ,IPS   ,4241,2262,105,0,1090,784
2022,Sept.          ,IDF   ,0,0,0,0,0,0
2022,August         ,IPS   ,4149,2274,96,0,1053,726
2022,August         ,IDF   ,0,0,0,0,0,0
2022,July           ,IPS   ,4100,2295,120,0,1025,660
2022,July           ,IDF   ,0,0,0,0,0,0
2022,June           ,IPS   ,4112,2334,135,0,1011,632
2022,June           ,IDF   ,0,0,0,0,0,0
2022,May            ,IPS   ,4154,2314,197,0,1029,614
2022,May            ,IDF   ,0,0,0,0,0,0
2022,April          ,IPS   ,4173,2335,245,0,1005,588
2022,April          ,IDF   ,0,0,0,0,0,0
2022,March          ,IPS   ,3983,2381,169,0,926,507
2022,March          ,IDF   ,193,0,158,0,0,35
2022,Feb.           ,IPS   ,3949,2388,142,0,950,469
2022,Feb.           ,IDF   ,144,0,140,0,0,4
2022,Jan.           ,IPS   ,4001,2394,144,0,978,485
2022,Jan.           ,IDF   ,185,0,170,0,0,15
2022,Dec.           ,IPS   ,0,0,0,0,0,0
2022,Dec.           ,IDF   ,0,0,0,0,0,0
2022,Nov.           ,IPS   ,0,0,0,0,0,0
2022,Nov.           ,IDF   ,0,0,0,0,0,0
2022,Oct.           ,IPS   ,0,0,0,0,0,0
2022,Oct.           ,IDF   ,0,0,0,0,0,0
2022,Sept.          ,IPS   ,647,336,311,0,0,0
2022,Sept.          ,IDF   ,0,0,0,0,0,0
2022,August         ,IPS   ,675,347,328,0,0,0
2022,August         ,IDF   ,0,0,0,0,0,0
2022,July           ,IPS   ,675,379,296,0,0,0
2022,July           ,IDF   ,0,0,0,0,0,0
2022,June           ,IPS   ,678,376,302,0,0,0
2022,June           ,IDF   ,0,0,0,0,0,0
2022,May            ,IPS   ,729,384,345,0,0,0
2022,May            ,IDF   ,0,0,0,0,0,0
2022,April          ,IPS   ,737,374,363,0,0,0
2022,April          ,IDF   ,0,0,0,0,0,0
2022,March          ,IPS   ,702,349,353,0,0,0
2022,March          ,IDF   ,1,0,1,0,0,0
2022,Feb.           ,IPS   ,658,345,313,0,0,0
2022,Feb.           ,IDF   ,7,0,7,0,0,0
2022,Jan.           ,IPS   ,624,363,261,0,0,0
2022,Jan.           ,IDF   ,6,0,6,0,0,0
2021,Dec.           ,IPS   ,4018,2413,103,0,1007,495
2021,Dec.           ,IDF   ,159,0,139,0,0,20
2021,Nov.           ,IPS   ,4087,2412,121,0,1063,491
2021,Nov.           ,IDF   ,162,0,139,0,0,23
2021,Oct.           ,IPS   ,4093,2399,100,0,1115,479
2021,Oct.           ,IDF   ,147,0,141,0,0,6
2021,Sept.          ,IPS   ,0,0,0,0,0,0
2021,Sept.          ,IDF   ,112,0,97,0,0,15
2021,August         ,IPS   ,0,0,0,0,0,0
2021,August         ,IDF   ,135,0,131,0,0,4
2021,July           ,IPS   ,0,0,0,0,0,0
2021,July           ,IDF   ,158,0,145,0,0,13
2021,June           ,IPS   ,0,0,0,0,0,0
2021,June           ,IDF   ,191,0,165,0,0,26
2021,May            ,IPS   ,0,0,0,0,0,0
2021,May            ,IDF   ,229,0,172,0,0,57
2021,April          ,IPS   ,0,0,0,0,0,0
2021,April          ,IDF   ,114,0,105,0,0,9
2021,March          ,IPS   ,0,0,0,0,0,0
2021,March          ,IDF   ,150,0,140,0,0,10
2021,Feb.           ,IPS   ,0,0,0,0,0,0
2021,Feb.           ,IDF   ,152,0,142,0,0,10
2021,Jan.           ,IPS   ,0,0,0,0,0,0
2021,Jan.           ,IDF   ,150,0,139,0,0,11
2021,Dec.           ,IPS   ,653,402,251,0,0,0
2021,Dec.           ,IDF   ,0,0,0,0,0,0
2021,Nov.           ,IPS   ,635,373,262,0,0,0
2021,Nov.           ,IDF   ,0,0,0,0,0,0
2021,Oct.           ,IPS   ,630,350,280,0,0,0
2021,Oct.           ,IDF   ,0,0,0,0,0,0
2021,Sept.          ,IPS   ,0,0,0,0,0,0
2021,Sept.          ,IDF   ,0,0,0,0,0,0
2021,August         ,IPS   ,0,0,0,0,0,0
2021,August         ,IDF   ,0,0,0,0,0,0
2021,July           ,IPS   ,0,0,0,0,0,0
2021,July           ,IDF   ,0,0,0,0,0,0
2021,June           ,IPS   ,0,0,0,0,0,0
2021,June           ,IDF   ,1,0,1,0,0,0
2021,May            ,IPS   ,0,0,0,0,0,0
2021,May            ,IDF   ,1,0,1,0,0,0
2021,April          ,IPS   ,0,0,0,0,0,0
2021,April          ,IDF   ,0,0,0,0,0,0
2021,March          ,IPS   ,0,0,0,0,0,0
2021,March          ,IDF   ,3,0,3,0,0,0
2021,Feb.           ,IPS   ,0,0,0,0,0,0
2021,Feb.           ,IDF   ,2,0,2,0,0,0
2021,Jan.           ,IPS   ,0,0,0,0,0,0
2021,Jan.           ,IDF   ,6,0,6,0,0,0
2020,Dec.           ,IPS   ,0,0,0,0,0,0
2020,Dec.           ,IDF   ,125,0,99,0,0,26
2020,Nov.           ,IPS   ,0,0,0,0,0,0
2020,Nov.           ,IDF   ,112,0,98,0,0,14
2020,Oct.           ,IPS   ,0,0,0,0,0,0
2020,Oct.           ,IDF   ,149,0,125,0,0,24
2020,Sept.          ,IPS   ,4184,2634,159,0,990,376
2020,Sept.          ,IDF   ,107,0,80,0,0,27
2020,August         ,IPS   ,4207,2643,161,0,1026,355
2020,August         ,IDF   ,160,0,138,0,0,22
2020,July           ,IPS   ,4226,2738,168,0,957,334
2020,July           ,IDF   ,183,0,163,0,0,20
2020,June           ,IPS   ,4279,2771,175,0,944,357
2020,June           ,IDF   ,171,0,158,0,0,13
2020,May            ,IPS   ,4236,2738,131,0,991,352
2020,May            ,IDF   ,87,0,69,0,0,18
2020,April          ,IPS   ,4331,2758,105,0,1089,372
2020,April          ,IDF   ,43,0,39,0,0,4
2020,March          ,IPS   ,4488,2846,111,0,1107,424
2020,March          ,IDF   ,65,0,63,0,0,2
2020,Feb.           ,IPS   ,4534,2873,182,0,1049,429
2020,Feb.           ,IDF   ,107,0,107,0,0,0
2020,Jan.           ,IPS   ,4520,2850,185,0,1051,431
2020,Jan.           ,IDF   ,136,0,136,0,0,0
2020,Dec.           ,IPS   ,0,0,0,0,0,0
2020,Dec.           ,IDF   ,0,0,0,0,0,0
2020,Nov.           ,IPS   ,0,0,0,0,0,0
2020,Nov.           ,IDF   ,5,0,5,0,0,0
2020,Oct.           ,IPS   ,0,0,0,0,0,0
2020,Oct.           ,IDF   ,2,0,2,0,0,0
2020,Sept.          ,IPS   ,545,359,186,0,0,0
2020,Sept.          ,IDF   ,2,0,2,0,0,0
2020,August         ,IPS   ,575,360,212,0,0,0
2020,August         ,IDF   ,5,0,5,0,0,0
2020,July           ,IPS   ,522,363,159,0,0,0
2020,July           ,IDF   ,0,0,0,0,0,0
2020,June           ,IPS   ,546,381,165,0,0,0
2020,June           ,IDF   ,0,0,0,0,0,0
2020,May            ,IPS   ,479,317,161,0,0,0
2020,May            ,IDF   ,12,0,12,0,0,0
2020,April          ,IPS   ,434,329,105,0,0,0
2020,April          ,IDF   ,0,0,0,0,0,0
2020,March          ,IPS   ,459,331,128,0,0,0
2020,March          ,IDF   ,0,0,0,0,0,0
2020,Feb.           ,IPS   ,544,328,216,0,0,0
2020,Feb.           ,IDF   ,0,0,0,0,0,0
2020,Jan.           ,IPS   ,527,343,184,0,0,0
2020,Jan.           ,IDF   ,0,0,0,0,0,0
2019,Dec.           ,IPS   ,4544,2855,197,0,1027,464
2019,Dec.           ,IDF   ,115,0,115,0,0,0
2019,Nov.           ,IPS   ,4638,2873,166,0,1141,458
2019,Nov.           ,IDF   ,86,0,86,0,0,0
2019,Oct.           ,IPS   ,4731,2840,370,0,1061,460
2019,Oct.           ,IDF   ,95,0,95,0,0,0
2019,Sept.          ,IPS   ,4792,2838,236,0,1281,437
2019,Sept.          ,IDF   ,181,0,181,0,0,0
2019,August         ,IPS   ,4787,2851,203,0,1320,413
2019,August         ,IDF   ,135,0,135,0,0,0
2019,July           ,IPS   ,4929,2913,224,0,1338,454
2019,July           ,IDF   ,162,0,162,0,0,0
2019,June           ,IPS   ,4880,2899,179,0,1369,433
2019,June           ,IDF   ,125,0,125,0,0,0
2019,May            ,IPS   ,5106,2924,248,0,1448,486
2019,May            ,IDF   ,146,0,146,0,0,0
2019,April          ,IPS   ,5152,2975,226,0,1472,479
2019,April          ,IDF   ,144,0,144,0,0,0
2019,March          ,IPS   ,5197,3012,238,0,1461,486
2019,March          ,IDF   ,113,0,113,0,0,0
2019,Feb.           ,IPS   ,5248,3090,244,0,1419,495
2019,Feb.           ,IDF   ,106,0,106,0,0,0
2019,Jan.           ,IPS   ,5298,3147,233,0,1427,491
2019,Jan.           ,IDF   ,153,0,153,0,0,0
2019,Dec.           ,IPS   ,484,336,148,0,0,0
2019,Dec.           ,IDF   ,4,0,4,0,0,0
2019,Nov.           ,IPS   ,488,318,170,0,0,0
2019,Nov.           ,IDF   ,5,0,5,0,0,0
2019,Oct.           ,IPS   ,472,311,161,0,0,0
2019,Oct.           ,IDF   ,17,0,17,0,0,0
2019,Sept.          ,IPS   ,579,369,210,0,0,0
2019,Sept.          ,IDF   ,1,0,1,0,0,0
2019,August         ,IPS   ,629,366,263,0,0,0
2019,August         ,IDF   ,0,0,0,0,0,0
2019,July           ,IPS   ,554,356,198,0,0,0
2019,July           ,IDF   ,1,0,1,0,0,0
2019,June           ,IPS   ,524,325,199,0,0,0
2019,June           ,IDF   ,6,0,6,0,0,0
2019,May            ,IPS   ,546,332,214,0,0,0
2019,May            ,IDF   ,1,0,1,0,0,0
2019,April          ,IPS   ,555,345,210,0,0,0
2019,April          ,IDF   ,0,0,0,0,0,0
2019,March          ,IPS   ,633,393,240,0,0,0
2019,March          ,IDF   ,8,0,8,0,0,0
2019,Feb.           ,IPS   ,645,399,246,0,0,0
2019,Feb.           ,IDF   ,5,0,5,0,0,0
2019,Jan.           ,IPS   ,657,391,266,0,0,0
2019,Jan.           ,IDF   ,15,0,15,0,0,0
2018,Dec.           ,IPS   ,5370,3207,240,0,1429,494
2018,Dec.           ,IDF   ,132,0,132,0,0,0
2018,Nov.           ,IPS   ,5362,3188,218,0,1487,469
2018,Nov.           ,IDF   ,125,0,125,0,0,0
2018,Oct.           ,IPS   ,5426,3224,256,0,1465,481
2018,Oct.           ,IDF   ,153,0,153,0,0,0
2018,Sept.          ,IPS   ,5436,3168,223,0,1564,481
2018,Sept.          ,IDF   ,111,0,111,0,0,0
2018,August         ,IPS   ,5493,3295,225,0,1508,465
2018,August         ,IDF   ,125,0,125,0,0,0
2018,July           ,IPS   ,5626,3383,259,0,1522,462
2018,July           ,IDF   ,131,0,131,0,0,0
2018,June           ,IPS   ,5667,3329,241,0,1651,446
2018,June           ,IDF   ,154,0,152,0,0,2
2018,May            ,IPS   ,5732,3352,266,0,1674,440
2018,May            ,IDF   ,176,0,176,0,0,0
2018,April          ,IPS   ,5772,3376,295,0,1677,424
2018,April          ,IDF   ,120,0,120,0,0,0
2018,March          ,IPS   ,5867,3478,291,0,1667,431
2018,March          ,IDF   ,171,0,171,0,0,0
2018,Feb.           ,IPS   ,5890,3499,273,0,1691,427
2018,Feb.           ,IDF   ,191,0,191,0,0,0
2018,Jan.           ,IPS   ,5951,3492,301,0,1713,445
2018,Jan.           ,IDF   ,154,0,154,0,0,0
2018,Dec.           ,IPS   ,564,362,202,0,0,0
2018,Dec.           ,IDF   ,3,0,3,0,0,0
2018,Nov.           ,IPS   ,709,489,220,0,0,0
2018,Nov.           ,IDF   ,3,0,3,0,0,0
2018,Oct.           ,IPS   ,678,461,217,0,0,0
2018,Oct.           ,IDF   ,7,0,7,0,0,0
2018,Sept.          ,IPS   ,685,440,245,0,0,0
2018,Sept.          ,IDF   ,2,0,2,0,0,0
2018,August         ,IPS   ,743,489,254,0,0,0
2018,August         ,IDF   ,5,0,5,0,0,0
2018,July           ,IPS   ,741,535,206,0,0,0
2018,July           ,IDF   ,13,0,13,0,0,0
2018,June           ,IPS   ,682,467,215,0,0,0
2018,June           ,IDF   ,2,0,2,0,0,0
2018,May            ,IPS   ,727,515,212,0,0,0
2018,May            ,IDF   ,8,0,8,0,0,0
2018,April          ,IPS   ,773,544,229,0,0,0
2018,April          ,IDF   ,6,0,6,0,0,0
2018,March          ,IPS   ,917,655,262,0,0,0
2018,March          ,IDF   ,6,0,6,0,0,0
2018,Feb.           ,IPS   ,880,611,269,0,0,0
2018,Feb.           ,IDF   ,13,0,13,0,0,0
2018,Jan.           ,IPS   ,887,604,283,0,0,0
2018,Jan.           ,IDF   ,9,0,9,0,0,0
2017,Dec.           ,IPS   ,5976,3458,318,0,1763,437
2017,Dec.           ,IDF   ,226,0,226,0,0,0
2017,Nov.           ,IPS   ,5881,3409,272,0,1775,425
2017,Nov.           ,IDF   ,148,0,148,0,0,0
2017,Oct.           ,IPS   ,5943,3293,324,0,1879,447
2017,Oct.           ,IDF   ,124,0,124,0,0,0
2017,Sept.          ,IPS   ,5989,3362,296,0,1879,452
2017,Sept.          ,IDF   ,156,0,156,0,0,0
2017,August         ,IPS   ,5898,3314,285,0,1864,435
2017,August         ,IDF   ,154,0,154,0,0,0
2017,July           ,IPS   ,6050,3361,424,0,1807,458
2017,July           ,IDF   ,254,0,253,0,0,1
2017,June           ,IPS   ,5915,3327,262,1,1881,444
2017,June           ,IDF   ,130,0,130,0,0,0
2017,May            ,IPS   ,6020,3389,341,2,1813,475
2017,May            ,IDF   ,242,0,242,0,0,0
2017,April          ,IPS   ,5954,3505,297,2,1664,486
2017,April          ,IDF   ,162,0,162,0,0,0
2017,March          ,IPS   ,5978,3630,274,2,1580,492
2017,March          ,IDF   ,210,0,210,0,0,0
2017,Feb.           ,IPS   ,5973,3608,272,1,1578,514
2017,Feb.           ,IDF   ,220,0,220,0,0,0
2017,Jan.           ,IPS   ,5986,3589,264,0,1602,531
2017,Jan.           ,IDF   ,277,0,277,0,0,0
2017,Dec.           ,IPS   ,773,522,251,0,0,0
2017,Dec.           ,IDF   ,2,0,2,0,0,0
2017,Nov.           ,IPS   ,730,526,204,0,0,0
2017,Nov.           ,IDF   ,4,0,4,0,0,0
2017,Oct.           ,IPS   ,734,516,218,0,0,0
2017,Oct.           ,IDF   ,6,0,6,0,0,0
2017,Sept.          ,IPS   ,800,554,246,0,0,0
2017,Sept.          ,IDF   ,21,0,21,0,0,0
2017,August         ,IPS   ,803,541,262,0,0,0
2017,August         ,IDF   ,17,0,17,0,0,0
2017,July           ,IPS   ,846,611,235,0,0,0
2017,July           ,IDF   ,19,0,19,0,0,0
2017,June           ,IPS   ,746,521,225,0,0,0
2017,June           ,IDF   ,10,0,10,0,0,0
2017,May            ,IPS   ,811,556,255,0,0,0
2017,May            ,IDF   ,21,0,21,0,0,0
2017,April          ,IPS   ,828,556,272,0,0,0
2017,April          ,IDF   ,9,0,9,0,0,0
2017,March          ,IPS   ,925,593,332,0,0,0
2017,March          ,IDF   ,11,0,11,0,0,0
2017,Feb.           ,IPS   ,898,586,312,0,0,0
2017,Feb.           ,IDF   ,12,0,12,0,0,0
2017,Jan.           ,IPS   ,872,550,322,0,0,0
2017,Jan.           ,IDF   ,9,0,9,0,0,0
2016,Dec.           ,IPS   ,5943,3561,253,0,1594,535
2016,Dec.           ,IDF   ,146,0,146,0,0,0
2016,Nov.           ,IPS   ,5979,3542,248,0,1613,576
2016,Nov.           ,IDF   ,181,0,180,0,0,1
2016,Oct.           ,IPS   ,6065,3474,310,0,1683,598
2016,Oct.           ,IDF   ,143,0,142,0,0,1
2016,Sept.          ,IPS   ,6029,3547,246,0,1628,608
2016,Sept.          ,IDF   ,189,0,183,0,0,6
2016,August         ,IPS   ,5988,3530,235,1,1578,644
2016,August         ,IDF   ,209,0,207,0,0,2
2016,July           ,IPS   ,6068,3516,227,1,1682,642
2016,July           ,IDF   ,194,0,194,0,0,0
2016,June           ,IPS   ,6108,3528,227,1,1667,685
2016,June           ,IDF   ,197,0,196,0,0,1
2016,May            ,IPS   ,6189,3601,219,1,1690,678
2016,May            ,IDF   ,178,0,173,0,0,5
2016,April          ,IPS   ,6295,3580,249,1,1773,692
2016,April          ,IDF   ,168,0,166,0,0,2
2016,March          ,IPS   ,6313,3589,278,1,1757,688
2016,March          ,IDF   ,369,0,334,0,0,35
2016,Feb.           ,IPS   ,6204,3520,321,1,1735,627
2016,Feb.           ,IDF   ,285,0,252,0,0,33
2016,Jan.           ,IPS   ,6072,3497,256,1,1750,568
2016,Jan.           ,IDF   ,241,0,230,0,0,11
2016,Dec.           ,IPS   ,757,501,256,0,0,0
2016,Dec.           ,IDF   ,11,0,11,0,0,0
2016,Nov.           ,IPS   ,792,530,262,0,0,0
2016,Nov.           ,IDF   ,6,0,6,0,0,0
2016,Oct.           ,IPS   ,777,493,284,0,0,0
2016,Oct.           ,IDF   ,10,0,10,0,0,0
2016,Sept.          ,IPS   ,818,546,272,0,0,0
2016,Sept.          ,IDF   ,14,0,14,0,0,0
2016,August         ,IPS   ,910,568,342,0,0,0
2016,August         ,IDF   ,22,0,22,0,0,0
2016,July           ,IPS   ,894,582,312,0,0,0
2016,July           ,IDF   ,31,0,31,0,0,0
2016,June           ,IPS   ,781,500,281,0,0,0
2016,June           ,IDF   ,18,0,18,0,0,0
2016,May            ,IPS   ,763,524,239,0,0,0
2016,May            ,IDF   ,3,0,3,0,0,0
2016,April          ,IPS   ,749,533,216,0,0,0
2016,April          ,IDF   ,4,0,4,0,0,0
2016,March          ,IPS   ,0,0,0,0,0,0
2016,March          ,IDF   ,3,0,3,0,0,0
2016,Feb.           ,IPS   ,874,617,257,0,0,0
2016,Feb.           ,IDF   ,2,0,2,0,0,0
2016,Jan.           ,IPS   ,873,635,238,0,0,0
2016,Jan.           ,IDF   ,7,0,7,0,0,0
2015,Dec.           ,IPS   ,6066,3445,297,0,1740,584
2015,Dec.           ,IDF   ,255,0,238,0,0,17
2015,Nov.           ,IPS   ,5936,3357,357,0,1695,527
2015,Nov.           ,IDF   ,357,0,332,0,0,25
2015,Oct.           ,IPS   ,5683,3358,383,0,1513,429
2015,Oct.           ,IDF   ,369,0,345,0,0,24
2015,Sept.          ,IPS   ,5244,3392,174,0,1363,315
2015,Sept.          ,IDF   ,110,0,104,0,0,6
2015,August         ,IPS   ,5373,3496,185,0,1351,341
2015,August         ,IDF   ,127,0,126,0,0,1
2015,July           ,IPS   ,5369,3536,159,1,1331,342
2015,July           ,IDF   ,117,0,117,0,0,0
2015,June           ,IPS   ,5442,3559,149,1,1363,370
2015,June           ,IDF   ,104,0,102,0,0,2
2015,May            ,IPS   ,5516,3538,216,1,1370,391
2015,May            ,IDF   ,132,0,131,0,0,1
2015,April          ,IPS   ,5554,3502,176,1,1479,396
2015,April          ,IDF   ,159,0,155,0,0,4
2015,March          ,IPS   ,5591,3495,184,1,1499,412
2015,March          ,IDF   ,126,0,123,0,0,3
2015,Feb.           ,IPS   ,5609,3428,222,1,1534,424
2015,Feb.           ,IDF   ,132,0,131,0,0,1
2015,Jan.           ,IPS   ,5549,3325,242,1,1526,455
2015,Jan.           ,IDF   ,144,0,140,0,0,4
2015,Dec.           ,IPS   ,901,641,260,0,0,0
2015,Dec.           ,IDF   ,5,0,5,0,0,0
2015,Nov.           ,IPS   ,962,597,365,0,0,0
2015,Nov.           ,IDF   ,4,0,4,0,0,0
2015,Oct.           ,IPS   ,928,618,310,0,0,0
2015,Oct.           ,IDF   ,14,0,14,0,0,0
2015,Sept.          ,IPS   ,846,611,235,0,0,0
2015,Sept.          ,IDF   ,21,0,21,0,0,0
2015,August         ,IPS   ,977,652,325,0,0,0
2015,August         ,IDF   ,32,0,32,0,0,0
2015,July           ,IPS   ,972,714,258,0,0,0
2015,July           ,IDF   ,20,0,20,0,0,0
2015,June           ,IPS   ,972,731,241,0,0,0
2015,June           ,IDF   ,21,0,21,0,0,0
2015,May            ,IPS   ,1022,755,267,0,0,0
2015,May            ,IDF   ,31,0,31,0,0,0
2015,April          ,IPS   ,1028,749,279,0,0,0
2015,April          ,IDF   ,25,0,25,0,0,0
2015,March          ,IPS   ,1061,777,284,0,0,0
2015,March          ,IDF   ,43,0,43,0,0,0
2015,Feb.           ,IPS   ,1061,787,274,0,0,0
2015,Feb.           ,IDF   ,14,0,14,0,0,0
2015,Jan.           ,IPS   ,1043,758,285,0,0,0
2015,Jan.           ,IDF   ,31,0,31,0,0,0
2014,Dec.           ,IPS   ,5528,3347,206,1,1511,463
2014,Dec.           ,IDF   ,191,0,182,0,0,9
2014,Nov.           ,IPS   ,5527,3304,227,1,1534,461
2014,Nov.           ,IDF   ,151,0,144,0,0,7
2014,Oct.           ,IPS   ,5477,3156,224,1,1609,457
2014,Oct.           ,IDF   ,150,0,145,0,0,5
2014,Sept.          ,IPS   ,5439,3127,220,1,1623,468
2014,Sept.          ,IDF   ,192,0,183,0,0,9
2014,August         ,IPS   ,5505,3120,261,1,1650,473
2014,August         ,IDF   ,45,0,45,0,0,0
2014,July           ,IPS   ,5383,3090,270,0,1577,446
2014,July           ,IDF   ,29,0,29,0,0,0
2014,June           ,IPS   ,5318,3141,317,0,1497,363
2014,June           ,IDF   ,29,0,29,0,0,0
2014,May            ,IPS   ,5053,3144,237,0,1476,196
2014,May            ,IDF   ,27,0,27,0,0,0
2014,April          ,IPS   ,5021,3133,202,0,1495,191
2014,April          ,IDF   ,25,0,25,0,0,0
2014,March          ,IPS   ,4999,3133,209,0,1471,186
2014,March          ,IDF   ,11,0,11,0,0,0
2014,Feb.           ,IPS   ,4961,3072,238,0,1470,181
2014,Feb.           ,IDF   ,21,0,21,0,0,0
2014,Jan.           ,IPS   ,4881,3095,235,0,1376,175
2014,Jan.           ,IDF   ,49,0,49,0,0,0
2014,Dec.           ,IPS   ,1115,805,310,0,0,0
2014,Dec.           ,IDF   ,56,0,56,0,0,0
2014,Nov.           ,IPS   ,1276,866,410,0,0,0
2014,Nov.           ,IDF   ,37,0,37,0,0,0
2014,Oct.           ,IPS   ,1188,813,375,0,0,0
2014,Oct.           ,IDF   ,29,0,29,0,0,0
2014,Sept.          ,IPS   ,1231,850,381,0,0,0
2014,Sept.          ,IDF   ,72,0,72,0,0,0
2014,August         ,IPS   ,1329,821,508,0,0,0
2014,July           ,IPS   ,1195,839,356,0,0,0
2014,June           ,IPS   ,1274,850,424,0,0,0
2014,May            ,IPS   ,1313,873,440,0,0,0
2014,April          ,IPS   ,1333,899,434,0,0,0
2014,March          ,IPS   ,1444,985,459,0,0,0
2014,Feb.           ,IPS   ,1403,925,478,0,0,0
2014,Jan.           ,IPS   ,1415,962,453,0,0,0
2013,Dec.           ,IPS   ,4768,3078,189,0,1351,150
2013,Nov.           ,IPS   ,4785,3123,218,0,1301,143
2013,Oct.           ,IPS   ,4753,3112,202,0,1299,140
2013,Sept.          ,IPS   ,4806,3133,239,0,1299,135
2013,August         ,IPS   ,4762,3161,172,0,1295,134
2013,July           ,IPS   ,4828,3306,169,0,1219,134
2013,June           ,IPS   ,4827,3308,232,0,1150,137
2013,May            ,IPS   ,4817,3286,190,0,1194,147
2013,April          ,IPS   ,4748,3188,189,0,1216,155
2013,March          ,IPS   ,4764,3190,214,0,1196,164
2013,Feb.           ,IPS   ,4713,3159,267,0,1118,169
2013,Jan.           ,IPS   ,4593,3207,158,0,1069,159
2013,Dec.           ,"1,284 ",869,415,0,0,0,0
2013,Nov.           ,"1,342 ",886,456,0,0,0,0
2013,Oct.           ,"1,258 ",852,406,0,0,0,0
2013,Sept.          ,"1,280 ",834,446,0,0,0,0
2013,August         ,"1,297 ",809,488,0,0,0,0
2013,July           ,"1,276 ",912,364,0,0,0,0
2013,June           ,"1,267 ",895,372,0,0,0,0
2013,May            ,"1,330 ",902,428,0,0,0,0
2013,April          ,"1,388 ",960,378,0,0,0,0
2013,March          ,"1,401 ",1018,383,0,0,0,0
2013,Feb.           ,"1,465 ",1054,411,0,0,0,0
2013,Jan.           ,"1,489 ",1098,391,0,0,0,0
2012,Dec.           ,IPS   ,4517,3089,219,0,1031,178
2012,Nov.           ,IPS   ,4432,3048,216,0,990,178
2012,Oct.           ,IPS   ,4298,3082,135,0,925,156
2012,Sept.          ,IPS   ,4373,3101,161,0,920,184
2012,August         ,IPS   ,4378,3078,145,0,943,212
2012,July           ,IPS   ,4423,3125,129,0,919,250
2012,June           ,IPS   ,4484,3119,170,1,909,285
2012,May            ,IPS   ,4437,3094,144,1,896,302
2012,April          ,IPS   ,4424,3097,165,1,853,308
2012,March          ,IPS   ,4386,3125,145,1,795,320
2012,Feb.           ,IPS   ,4411,3213,164,1,713,320
2012,Jan.           ,IPS   ,4357,3215,156,1,676,309
2012,Dec.           ,IPS   ,1356,927,429,0,0,0
2012,Nov.           ,IPS   ,1336,859,477,0,0,0
2012,Oct.           ,IPS   ,1240,788,452,0,0,0
2012,Sept.          ,IPS   ,1308,840,468,0,0,0
2012,August         ,IPS   ,1299,834,465,0,0,0
2012,July           ,IPS   ,1371,948,423,0,0,0
2012,June           ,IPS   ,1268,854,414,0,0,0
2012,May            ,IPS   ,1249,847,402,0,0,0
2012,April          ,IPS   ,1206,822,384,0,0,0
2012,March          ,IPS   ,1289,900,389,0,0,0
2012,Feb.           ,IPS   ,1375,980,395,0,0,0
2012,Jan.           ,IPS   ,1269,909,360,0,0,0
2011,Dec.           ,IPS   ,4281,3196,152,1,625,307
2011,Nov.           ,IPS   ,4803,3720,169,1,630,283
2011,Oct.           ,IPS   ,4772,3753,131,1,609,278
2011,Sept.          ,IPS   ,5269,4235,131,1,616,286
2011,August         ,IPS   ,5204,4164,124,2,642,272
2011,July           ,IPS   ,5398,4410,122,2,621,243
2011,June           ,IPS   ,5420,4425,136,2,615,242
2011,May            ,IPS   ,5335,4321,154,2,630,228
2011,April          ,IPS   ,5383,4381,124,2,657,219
2011,March          ,IPS   ,5493,4474,140,17,645,217
2011,Feb.           ,IPS   ,5550,4540,162,2,632,214
2011,Jan.           ,IPS   ,5642,4618,181,3,621,219
2010,Dec.           ,IPS   ,5705,4662,153,3,683,204
2010,Nov.           ,IPS   ,5741,4652,162,3,719,205
2010,Oct.           ,IPS   ,5847,4747,147,3,737,213
2010,Sept.          ,IPS   ,5936,4767,172,4,781,212
2010,August         ,IPS   ,6011,4847,164,5,806,189
2010,July           ,IPS   ,6157,4934,167,7,850,199
2010,June           ,IPS   ,6252,4937,167,7,938,203
2010,May            ,IPS   ,6338,4919,153,7,1046,213
2010,April          ,IPS   ,6484,4974,161,7,1120,222
2010,March          ,IPS   ,6631,5063,173,8,1150,237
2010,Feb.           ,IPS   ,6759,5074,217,7,1202,259
2010,Jan.           ,IPS   ,6794,5054,223,7,1246,264
2009,Dec.           ,IPS   ,6831,5073,207,9,1264,278
2009,Nov.           ,IPS   ,6891,5082,187,9,1322,291
2009,Oct.           ,IPS   ,7058,5076,202,9,1449,322
2009,Sept.          ,IPS   ,7155,5051,191,9,1569,335
2009,August         ,IPS   ,7285,5182,155,9,1576,363
2009,July           ,IPS   ,7430,5235,191,10,1607,387
2009,June           ,IDF   ,8,0,8,0,0,0
2009,June           ,IPS   ,7560,5296,203,13,1620,428
2009,May            ,IDF   ,31,8,20,0,3,0
2009,May            ,IPS   ,7669,5307,217,14,1682,449
2009,April          ,IPS   ,7786,5301,231,15,1752,487
2009,March          ,IDF   ,16,0,14,0,1,1
2009,March          ,IPS   ,7884,5315,298,15,1750,506
2009,Feb.           ,IDF   ,51,25,25,0,1,0
2009,Feb.           ,IPS   ,7938,5231,356,22,1787,542
2009,Jan.           ,IDF   ,32,1,26,0,5,0
2009,Jan.           ,IPS   ,7951,5170,276,19,1922,564
2008,Dec.           ,IDF   ,48,6,40,2,0,0
2008,Dec.           ,IPS   ,7904,5204,223,1931,546,0
2008,Nov.           ,IDF   ,59,6,47,6,0,0
2008,Nov.           ,IPS   ,8218,5393,286,1970,569,0
2008,Oct.           ,IDF   ,32,0,32,0,0,0
2008,Oct.           ,IPS   ,8256,5292,317,2069,578,0
2008,Sept.          ,IDF   ,41,0,39,1,1,0
2008,Sept.          ,IPS   ,8317,5354,280,2085,598,0
2008,August         ,IDF   ,35,1,29,3,2,0
2008,August         ,IPS   ,8403,5257,322,2175,649,0
2008,July           ,IPS   ,8472,5176,335,2270,691,0
2008,June           ,IDF   ,30,0,29,1,0,0
2008,June           ,IPS   ,8459,5137,241,2351,730,0
2008,May            ,IDF   ,45,1,44,0,0,0
2008,May            ,IPS   ,8550,5196,327,2266,761,0
2008,April          ,IPS   ,8502,5248,811,1653,790,0
2008,March          ,IDF   ,81,5,75,1,0,0
2008,March          ,IPS   ,8520,5237,357,2150,776,0
2008,Feb.           ,IDF   ,79,2,75,2,0,0
2008,Feb.           ,IPS   ,8463,5148,360,2167,788,0
2008,Jan.           ,IDF   ,43,0,40,2,1,0
2008,Jan.           ,IPS   ,8428,5095,321,2199,813,0
2007,Dec.           ,IPS   ,8378,5046,273,2217,842,0
2007,Nov.           ,IDF   ,120,4,87,20,9,0
2007,Nov.           ,IPS   ,8812,5495,225,2234,858,0
2007,Oct.           ,IDF   ,122,4,88,16,14,0
2007,Oct.           ,IPS   ,8596,5415,195,2144,842,0
2007,Sept.          ,IDF   ,99,0,95,3,1,0
2007,Sept.          ,IPS   ,8675,5519,220,2097,839,0
2007,August         ,IDF   ,79,0,78,1,0,0
2007,August         ,IPS   ,8607,5539,207,2039,822,0
2007,July           ,IDF   ,51,2,41,5,3,0
2007,June           ,IDF   ,64,0,62,2,0,0
2007,June           ,IPS   ,9280,5910,267,2272,831,0
2007,May            ,IDF   ,61,0,58,3,0,0
2007,April          ,IDF   ,87,0,82,5,0,0
2007,April          ,IPS   ,9250,5975,307,2159,809,0
2007,March          ,IDF   ,88,0,82,3,3,0
2007,March          ,IPS   ,9213,6025,351,2057,780,0
2007,Jan.           ,IDF   ,55,0,45,4,6,0
2007,Jan.           ,IPS   ,9103,6029,261,2012,801,0
2006,Dec.           ,IDF   ,127,0,126,0,1,0
2006,Dec.           ,IPS   ,9051,6048,120,2101,782,0
2006,Nov.           ,IDF   ,69,0,63,4,2,0
2006,Nov.           ,IPS   ,9006,5935,295,2040,736,0
2006,Oct.           ,IDF   ,94,3,63,19,9,0
2006,Oct.           ,IPS   ,9494,6330,292,2178,694,0
2006,Sept.          ,IDF   ,929,118,176,519,116,0
2006,Sept.          ,IPS   ,8074,5741,228,1593,592,0
2006,July           ,IDF   ,1078,141,514,318,105,0
2006,July           ,IPS   ,8085,5701,1739,0,645,0
2006,June           ,IDF   ,980,138,188,511,143,0
2006,June           ,IPS   ,0,0,0,0,0,0
2006,May            ,IDF   ,1038,143,274,479,142,0
2006,May            ,IPS   ,0,0,0,0,0,0
2006,April          ,IDF   ,1119,165,241,604,109,0
2006,April          ,IPS   ,0,0,0,0,0,0
2006,March          ,IDF   ,3172,1673,267,522,710,0
2006,March          ,IPS   ,0,0,0,0,0,0
2006,Feb.           ,IDF   ,3025,1587,212,501,725,0
2006,Feb.           ,IPS   ,0,0,0,0,0,0
2006,Jan.           ,IDF   ,3095,1645,174,538,738,0
2006,Jan.           ,IPS   ,5127,4019,105,950,53,0
2005,Dec.           ,IDF   ,3137,1665,162,522,788,0
2005,Dec.           ,IPS   ,5039,3990,92,910,47,0
2005,Nov.           ,IDF   ,3116,1600,309,456,751,0
2005,Nov.           ,IPS   ,4909,3802,89,976,42,0
2005,Oct.           ,IDF   ,3154,1641,537,398,578,0
2005,Oct.           ,IPS   ,4847,3696,101,1014,36,0
2005,Sept.          ,IDF   ,0,0,0,0,0,0
2005,Sept.          ,IPS   ,4749,3667,84,964,24,0
2005,August         ,IDF   ,2714,1520,460,138,596,0
2005,August         ,IPS   ,4588,3527,52,985,24,0
2005,July           ,IDF   ,2571,1376,473,118,604,0
2005,July           ,IPS   ,4617,3423,70,1094,30,0
2005,June           ,IDF   ,0,0,0,0,0,0
2005,June           ,IPS   ,4612,3321,62,1200,29,0
2005,May            ,IDF   ,2883,1605,507,124,647,0
2005,May            ,IPS   ,4693,3328,41,1295,29,0
2005,April          ,IDF   ,2801,1543,84,470,704,0
2005,April          ,IPS   ,4637,3170,58,1377,32,0
2005,March          ,IDF   ,0,0,0,0,0,0
2005,March          ,IPS   ,4627,3027,54,1512,34,0
2005,Feb.           ,IDF   ,0,0,0,0,0,0
2005,Feb.           ,IPS   ,4568,2785,41,1697,45,0
2005,Jan.           ,IDF   ,4340,1994,266,1232,848,0
2005,Jan.           ,IPS   ,3706,2169,42,1464,31,0
2004,Dec.           ,IDF   ,4375,1977,247,1315,836,0
2004,Dec.           ,IPS   ,3412,1913,1520,0,27,0
2004,Nov.           ,IDF   ,0,0,0,0,831,0
2004,Nov.           ,IPS   ,3286,1785,1509,0,27,0
2004,Oct.           ,IDF   ,0,0,0,0,0,0
2004,Oct.           ,IPS   ,3243,1734,1547,0,23,0
2004,Sept.          ,IDF   ,4036,1864,220,1192,760,0
2004,Sept.          ,IPS   ,3300,1698,1581,0,21,0
2004,August         ,IDF   ,3997,1806,284,1176,731,0
2004,August         ,IPS   ,3290,1647,1623,0,20,0
2004,July           ,IDF   ,3943,1712,229,1265,737,0
2004,July           ,IPS   ,3034,1546,1465,0,23,0
2004,June           ,IDF   ,3961,1661,261,1316,723,0
2004,June           ,IPS   ,2866,1546,1374,0,24,0
2004,May            ,IDF   ,3939,1537,275,1457,670,0
2004,May            ,IPS   ,2687,1362,1292,0,33,0
2004,April          ,IDF   ,3684,1386,277,1403,618,0
2004,April          ,IPS   ,2667,1393,1248,0,26,0
2004,March          ,IDF   ,3534,1312,220,1397,605,0
2004,March          ,IPS   ,2641,1333,1283,0,25,0
2004,Feb.           ,IDF   ,3334,1188,223,1307,606,0
2004,Feb.           ,IPS   ,2568,1319,1227,0,22,0
2004,Jan.           ,IDF   ,3570,1431,233,1268,638,0
2004,Jan.           ,IPS   ,2532,1288,1225,0,19,0
2003,Dec.           ,IDF   ,3465,1310,280,1244,631,0
2003,Dec.           ,IPS   ,2479,1211,1250,0,18,0
2003,Nov.           ,IDF   ,3321,1265,203,1191,695,0
2003,Nov.           ,IPS   ,2371,1196,1155,0,20,0
2003,Oct.           ,IDF   ,3150,1215,232,1164,539,0
2003,Oct.           ,IPS   ,2323,1089,1220,0,14,0
2003,Sept.          ,IDF   ,3053,1140,209,1189,515,0
2003,Sept.          ,IPS   ,2225,1059,1153,0,13,0
2003,August         ,IDF   ,3256,1159,195,1215,687,0
2003,August         ,IPS   ,2194,1003,1178,0,13,0
2003,July           ,IDF   ,3452,1083,377,1229,763,0
2003,July           ,IPS   ,2027,925,1080,0,22,0
2003,June           ,IDF   ,3371,987,275,1177,932,0
2003,June           ,IPS   ,1974,860,1094,0,20,0
2003,May            ,IDF   ,3351,881,224,1158,1088,0
2003,May            ,IPS   ,2011,809,1183,0,19,0
2003,April          ,IDF   ,3390,856,337,1078,1119,0
2003,April          ,IPS   ,1882,743,1118,0,21,0
2003,March          ,IDF   ,3316,810,306,1092,1108,0
2003,March          ,IPS   ,1696,686,991,0,19,0
2003,Feb.           ,IDF   ,3243,805,267,1083,1088,0
2003,Feb.           ,IPS   ,1572,652,901,0,19,0
2003,Jan.           ,IDF   ,3234,738,364,1125,1007,0
2003,Jan.           ,IPS   ,1462,600,851,0,11,0
2002,Dec.           ,IDF   ,3076,670,388,1069,949,0
2002,Dec.           ,IPS   ,1435,588,836,0,11,0
2002,Nov.           ,IDF   ,2909,597,299,1068,927,0
2002,Nov.           ,IPS   ,1361,568,784,0,9,0
2002,Oct.           ,IDF   ,2755,570,245,1069,871,0
2002,Oct.           ,IPS   ,1306,556,743,0,7,0
2002,Sept.          ,IDF   ,2689,514,262,1056,857,0
2002,Sept.          ,IPS   ,1330,567,689,16,10,0
2002,August         ,IDF   ,2644,476,315,1045,808,0
2002,August         ,IPS   ,1176,561,610,0,5,0
2002,July           ,IDF   ,2773,447,737,651,938,0
2002,July           ,IPS   ,1140,575,560,0,5,0
2002,June           ,IDF   ,2411,357,208,917,929,0
2002,June           ,IPS   ,0,607,0,0,0,0
2002,May            ,IDF   ,2368,388,557,742,681,0
2002,May            ,IPS   ,0,0,0,0,0,0
2002,April          ,IDF   ,2682,546,2025,111,0,0
2002,April          ,IPS   ,0,0,0,0,0,0
2002,March          ,IDF   ,1136,442,15,659,40,0
2002,March          ,IPS   ,1314,863,447,0,4,0
2002,Jan.           ,IDF   ,1078,320,15,707,36,0
2002,Jan.           ,IPS   ,891,589,0,302,0,0
2001,Dec.           ,IDF   ,1023,314,13,662,34,0
2001,Dec.           ,IPS   ,831,575,0,256,0,0
2001,Nov.           ,IDF   ,975,259,15,670,31,0
2001,Nov.           ,IPS   ,823,573,0,250,0,0
2001,Oct.           ,IDF   ,964,292,12,634,26,0
2001,Oct.           ,IPS   ,816,577,0,238,1,0
2001,Sept.          ,IDF   ,0,0,0,0,0,0
2001,Sept.          ,IPS   ,0,0,0,0,0,0
2001,August         ,IDF   ,896,304,21,555,16,0
2001,August         ,IPS   ,773,572,0,199,1,0
2001,July           ,IDF   ,849,284,21,535,9,0
2001,July           ,IPS   ,813,582,45,184,1,0
2001,June           ,IDF   ,823,291,16,504,12,0
2001,June           ,IPS   ,748,574,39,174,1,0
2001,May            ,IDF   ,820,302,12,495,11,0
2001,May            ,IPS   ,725,574,44,151,1,0
2001,April          ,IDF   ,812,279,16,506,11,0
2001,April          ,IPS   ,757,572,42,142,1,0
2001,March          ,IDF   ,787,248,12,513,14,0
2001,March          ,IPS   ,751,74,44,132,1,0
2001,Feb.           ,IDF   ,761,223,8,514,16,0
2001,Feb.           ,IPS   ,747,557,41,129,0,0
2001,Jan.           ,IDF   ,719,202,5,496,16,0
2001,Jan.           ,IPS   ,737,571,37,131,0,0
